"HealthTopic","Population","Indicator","Unit","Time","RegionCode","RegionName","NumValue","TxtValue"
"Influenza","Influenza virus detections sentinel","Positive specimens","N","2009-W40","DE","Germany",0.000000000,""
"Influenza","Influenza virus detections sentinel","Positive specimens","N","2009-W41","DE","Germany",0.000000000,""
"Influenza","Influenza virus detections sentinel","Positive specimens","N","2009-W42","DE","Germany",0.000000000,""
"Influenza","Influenza virus detections sentinel","Positive specimens","N","2009-W43","DE","Germany",0.000000000,""
"Influenza","Influenza virus detections sentinel","Positive specimens","N","2009-W44","DE","Germany",0.000000000,""
"Influenza","Influenza virus detections sentinel","Positive specimens","N","2009-W45","DE","Germany",0.000000000,""
"Influenza","Influenza virus detections sentinel","Positive specimens","N","2009-W46","DE","Germany",0.000000000,""
"Influenza","Influenza virus detections sentinel","Positive specimens","N","2009-W47","DE","Germany",0.000000000,""
"Influenza","Influenza virus detections sentinel","Positive specimens","N","2009-W48","DE","Germany",0.000000000,""
"Influenza","Influenza virus detections sentinel","Positive specimens","N","2009-W49","DE","Germany",0.000000000,""
"Influenza","Influenza virus detections sentinel","Positive specimens","N","2009-W50","DE","Germany",0.000000000,""
"Influenza","Influenza virus detections sentinel","Positive specimens","N","2009-W51","DE","Germany",0.000000000,""
"Influenza","Influenza virus detections sentinel","Positive specimens","N","2009-W52","DE","Germany",0.000000000,""
"Influenza","Influenza virus detections sentinel","Positive specimens","N","2009-W53","DE","Germany",13.000000000,""
"Influenza","Influenza virus detections sentinel","Positive specimens","N","2010-W01","DE","Germany",12.000000000,""
"Influenza","Influenza virus detections sentinel","Positive specimens","N","2010-W02","DE","Germany",13.000000000,""
"Influenza","Influenza virus detections sentinel","Positive specimens","N","2010-W03","DE","Germany",0.000000000,""
"Influenza","Influenza virus detections sentinel","Positive specimens","N","2010-W04","DE","Germany",14.000000000,""
"Influenza","Influenza virus detections sentinel","Positive specimens","N","2010-W05","DE","Germany",11.000000000,""
"Influenza","Influenza virus detections sentinel","Positive specimens","N","2010-W06","DE","Germany",3.000000000,""
"Influenza","Influenza virus detections sentinel","Positive specimens","N","2010-W07","DE","Germany",4.000000000,""
"Influenza","Influenza virus detections sentinel","Positive specimens","N","2010-W08","DE","Germany",6.000000000,""
"Influenza","Influenza virus detections sentinel","Positive specimens","N","2010-W09","DE","Germany",7.000000000,""
"Influenza","Influenza virus detections sentinel","Positive specimens","N","2010-W10","DE","Germany",8.000000000,""
"Influenza","Influenza virus detections sentinel","Positive specimens","N","2010-W11","DE","Germany",5.000000000,""
"Influenza","Influenza virus detections sentinel","Positive specimens","N","2010-W12","DE","Germany",4.000000000,""
"Influenza","Influenza virus detections sentinel","Positive specimens","N","2010-W13","DE","Germany",1.000000000,""
"Influenza","Influenza virus detections sentinel","Positive specimens","N","2010-W14","DE","Germany",0.000000000,""
"Influenza","Influenza virus detections sentinel","Positive specimens","N","2010-W15","DE","Germany",2.000000000,""
"Influenza","Influenza virus detections sentinel","Positive specimens","N","2010-W16","DE","Germany",0.000000000,""
"Influenza","Influenza virus detections sentinel","Positive specimens","N","2010-W17","DE","Germany",1.000000000,""
"Influenza","Influenza virus detections sentinel","Positive specimens","N","2010-W18","DE","Germany",0.000000000,""
"Influenza","Influenza virus detections sentinel","Positive specimens","N","2010-W19","DE","Germany",1.000000000,""
"Influenza","Influenza virus detections sentinel","Positive specimens","N","2010-W20","DE","Germany",1.000000000,""
"Influenza","Influenza virus detections sentinel","Positive specimens","N","2010-W21","DE","Germany",0.000000000,""
"Influenza","Influenza virus detections sentinel","Positive specimens","N","2010-W22","DE","Germany",0.000000000,""
"Influenza","Influenza virus detections sentinel","Positive specimens","N","2010-W23","DE","Germany",1.000000000,""
"Influenza","Influenza virus detections sentinel","Positive specimens","N","2010-W24","DE","Germany",0.000000000,""
"Influenza","Influenza virus detections sentinel","Positive specimens","N","2010-W25","DE","Germany",0.000000000,""
"Influenza","Influenza virus detections sentinel","Positive specimens","N","2010-W26","DE","Germany",0.000000000,""
"Influenza","Influenza virus detections sentinel","Positive specimens","N","2010-W27","DE","Germany",0.000000000,""
"Influenza","Influenza virus detections sentinel","Positive specimens","N","2010-W28","DE","Germany",0.000000000,""
"Influenza","Influenza virus detections sentinel","Positive specimens","N","2010-W29","DE","Germany",0.000000000,""
"Influenza","Influenza virus detections sentinel","Positive specimens","N","2010-W30","DE","Germany",0.000000000,""
"Influenza","Influenza virus detections sentinel","Positive specimens","N","2010-W31","DE","Germany",0.000000000,""
"Influenza","Influenza virus detections sentinel","Positive specimens","N","2010-W32","DE","Germany",0.000000000,""
"Influenza","Influenza virus detections sentinel","Positive specimens","N","2010-W33","DE","Germany",0.000000000,""
"Influenza","Influenza virus detections sentinel","Positive specimens","N","2010-W34","DE","Germany",0.000000000,""
"Influenza","Influenza virus detections sentinel","Positive specimens","N","2010-W35","DE","Germany",0.000000000,""
"Influenza","Influenza virus detections sentinel","Positive specimens","N","2010-W36","DE","Germany",0.000000000,""
"Influenza","Influenza virus detections sentinel","Positive specimens","N","2010-W37","DE","Germany",0.000000000,""
"Influenza","Influenza virus detections sentinel","Positive specimens","N","2010-W38","DE","Germany",0.000000000,""
"Influenza","Influenza virus detections sentinel","Positive specimens","N","2010-W39","DE","Germany",0.000000000,""
"Influenza","Influenza virus detections sentinel","Positive specimens","N","2010-W40","DE","Germany",0.000000000,""
"Influenza","Influenza virus detections sentinel","Positive specimens","N","2010-W41","DE","Germany",1.000000000,""
"Influenza","Influenza virus detections sentinel","Positive specimens","N","2010-W42","DE","Germany",1.000000000,""
"Influenza","Influenza virus detections sentinel","Positive specimens","N","2010-W43","DE","Germany",4.000000000,""
"Influenza","Influenza virus detections sentinel","Positive specimens","N","2010-W44","DE","Germany",0.000000000,""
"Influenza","Influenza virus detections sentinel","Positive specimens","N","2010-W45","DE","Germany",3.000000000,""
"Influenza","Influenza virus detections sentinel","Positive specimens","N","2010-W46","DE","Germany",2.000000000,""
"Influenza","Influenza virus detections sentinel","Positive specimens","N","2010-W47","DE","Germany",5.000000000,""
"Influenza","Influenza virus detections sentinel","Positive specimens","N","2010-W48","DE","Germany",8.000000000,""
"Influenza","Influenza virus detections sentinel","Positive specimens","N","2010-W49","DE","Germany",10.000000000,""
"Influenza","Influenza virus detections sentinel","Positive specimens","N","2010-W50","DE","Germany",17.000000000,""
"Influenza","Influenza virus detections sentinel","Positive specimens","N","2010-W51","DE","Germany",18.000000000,""
"Influenza","Influenza virus detections sentinel","Positive specimens","N","2010-W52","DE","Germany",21.000000000,""
"Influenza","Influenza virus detections sentinel","Positive specimens","N","2011-W01","DE","Germany",64.000000000,""
"Influenza","Influenza virus detections sentinel","Positive specimens","N","2011-W02","DE","Germany",131.000000000,""
"Influenza","Influenza virus detections sentinel","Positive specimens","N","2011-W03","DE","Germany",153.000000000,""
"Influenza","Influenza virus detections sentinel","Positive specimens","N","2011-W04","DE","Germany",172.000000000,""
"Influenza","Influenza virus detections sentinel","Positive specimens","N","2011-W05","DE","Germany",185.000000000,""
"Influenza","Influenza virus detections sentinel","Positive specimens","N","2011-W06","DE","Germany",198.000000000,""
"Influenza","Influenza virus detections sentinel","Positive specimens","N","2011-W07","DE","Germany",135.000000000,""
"Influenza","Influenza virus detections sentinel","Positive specimens","N","2011-W08","DE","Germany",116.000000000,""
"Influenza","Influenza virus detections sentinel","Positive specimens","N","2011-W09","DE","Germany",91.000000000,""
"Influenza","Influenza virus detections sentinel","Positive specimens","N","2011-W10","DE","Germany",70.000000000,""
"Influenza","Influenza virus detections sentinel","Positive specimens","N","2011-W11","DE","Germany",74.000000000,""
"Influenza","Influenza virus detections sentinel","Positive specimens","N","2011-W12","DE","Germany",48.000000000,""
"Influenza","Influenza virus detections sentinel","Positive specimens","N","2011-W13","DE","Germany",28.000000000,""
"Influenza","Influenza virus detections sentinel","Positive specimens","N","2011-W14","DE","Germany",20.000000000,""
"Influenza","Influenza virus detections sentinel","Positive specimens","N","2011-W15","DE","Germany",4.000000000,""
"Influenza","Influenza virus detections sentinel","Positive specimens","N","2011-W16","DE","Germany",0.000000000,""
"Influenza","Influenza virus detections sentinel","Positive specimens","N","2011-W17","DE","Germany",0.000000000,""
"Influenza","Influenza virus detections sentinel","Positive specimens","N","2011-W18","DE","Germany",0.000000000,""
"Influenza","Influenza virus detections sentinel","Positive specimens","N","2011-W19","DE","Germany",0.000000000,""
"Influenza","Influenza virus detections sentinel","Positive specimens","N","2011-W20","DE","Germany",0.000000000,""
"Influenza","Influenza virus detections sentinel","Positive specimens","N","2011-W21","DE","Germany",0.000000000,""
"Influenza","Influenza virus detections sentinel","Positive specimens","N","2011-W22","DE","Germany",0.000000000,""
"Influenza","Influenza virus detections sentinel","Positive specimens","N","2011-W23","DE","Germany",0.000000000,""
"Influenza","Influenza virus detections sentinel","Positive specimens","N","2011-W24","DE","Germany",0.000000000,""
"Influenza","Influenza virus detections sentinel","Positive specimens","N","2011-W25","DE","Germany",0.000000000,""
"Influenza","Influenza virus detections sentinel","Positive specimens","N","2011-W26","DE","Germany",0.000000000,""
"Influenza","Influenza virus detections sentinel","Positive specimens","N","2011-W27","DE","Germany",0.000000000,""
"Influenza","Influenza virus detections sentinel","Positive specimens","N","2011-W28","DE","Germany",0.000000000,""
"Influenza","Influenza virus detections sentinel","Positive specimens","N","2011-W29","DE","Germany",0.000000000,""
"Influenza","Influenza virus detections sentinel","Positive specimens","N","2011-W30","DE","Germany",0.000000000,""
"Influenza","Influenza virus detections sentinel","Positive specimens","N","2011-W31","DE","Germany",0.000000000,""
"Influenza","Influenza virus detections sentinel","Positive specimens","N","2011-W32","DE","Germany",0.000000000,""
"Influenza","Influenza virus detections sentinel","Positive specimens","N","2011-W33","DE","Germany",0.000000000,""
"Influenza","Influenza virus detections sentinel","Positive specimens","N","2011-W34","DE","Germany",0.000000000,""
"Influenza","Influenza virus detections sentinel","Positive specimens","N","2011-W35","DE","Germany",0.000000000,""
"Influenza","Influenza virus detections sentinel","Positive specimens","N","2011-W36","DE","Germany",0.000000000,""
"Influenza","Influenza virus detections sentinel","Positive specimens","N","2011-W37","DE","Germany",0.000000000,""
"Influenza","Influenza virus detections sentinel","Positive specimens","N","2011-W38","DE","Germany",0.000000000,""
"Influenza","Influenza virus detections sentinel","Positive specimens","N","2011-W39","DE","Germany",0.000000000,""
"Influenza","Influenza virus detections sentinel","Positive specimens","N","2011-W40","DE","Germany",0.000000000,""
"Influenza","Influenza virus detections sentinel","Positive specimens","N","2011-W41","DE","Germany",0.000000000,""
"Influenza","Influenza virus detections sentinel","Positive specimens","N","2011-W42","DE","Germany",0.000000000,""
"Influenza","Influenza virus detections sentinel","Positive specimens","N","2011-W43","DE","Germany",0.000000000,""
"Influenza","Influenza virus detections sentinel","Positive specimens","N","2011-W44","DE","Germany",0.000000000,""
"Influenza","Influenza virus detections sentinel","Positive specimens","N","2011-W45","DE","Germany",0.000000000,""
"Influenza","Influenza virus detections sentinel","Positive specimens","N","2011-W46","DE","Germany",0.000000000,""
"Influenza","Influenza virus detections sentinel","Positive specimens","N","2011-W47","DE","Germany",0.000000000,""
"Influenza","Influenza virus detections sentinel","Positive specimens","N","2011-W48","DE","Germany",1.000000000,""
"Influenza","Influenza virus detections sentinel","Positive specimens","N","2011-W49","DE","Germany",1.000000000,""
"Influenza","Influenza virus detections sentinel","Positive specimens","N","2011-W50","DE","Germany",6.000000000,""
"Influenza","Influenza virus detections sentinel","Positive specimens","N","2011-W51","DE","Germany",3.000000000,""
"Influenza","Influenza virus detections sentinel","Positive specimens","N","2011-W52","DE","Germany",1.000000000,""
"Influenza","Influenza virus detections sentinel","Positive specimens","N","2012-W01","DE","Germany",3.000000000,""
"Influenza","Influenza virus detections sentinel","Positive specimens","N","2012-W02","DE","Germany",8.000000000,""
"Influenza","Influenza virus detections sentinel","Positive specimens","N","2012-W03","DE","Germany",6.000000000,""
"Influenza","Influenza virus detections sentinel","Positive specimens","N","2012-W04","DE","Germany",11.000000000,""
"Influenza","Influenza virus detections sentinel","Positive specimens","N","2012-W05","DE","Germany",14.000000000,""
"Influenza","Influenza virus detections sentinel","Positive specimens","N","2012-W06","DE","Germany",26.000000000,""
"Influenza","Influenza virus detections sentinel","Positive specimens","N","2012-W07","DE","Germany",37.000000000,""
"Influenza","Influenza virus detections sentinel","Positive specimens","N","2012-W08","DE","Germany",65.000000000,""
"Influenza","Influenza virus detections sentinel","Positive specimens","N","2012-W09","DE","Germany",67.000000000,""
"Influenza","Influenza virus detections sentinel","Positive specimens","N","2012-W10","DE","Germany",72.000000000,""
"Influenza","Influenza virus detections sentinel","Positive specimens","N","2012-W11","DE","Germany",57.000000000,""
"Influenza","Influenza virus detections sentinel","Positive specimens","N","2012-W12","DE","Germany",57.000000000,""
"Influenza","Influenza virus detections sentinel","Positive specimens","N","2012-W13","DE","Germany",40.000000000,""
"Influenza","Influenza virus detections sentinel","Positive specimens","N","2012-W14","DE","Germany",10.000000000,""
"Influenza","Influenza virus detections sentinel","Positive specimens","N","2012-W15","DE","Germany",21.000000000,""
"Influenza","Influenza virus detections sentinel","Positive specimens","N","2012-W16","DE","Germany",10.000000000,""
"Influenza","Influenza virus detections sentinel","Positive specimens","N","2012-W17","DE","Germany",6.000000000,""
"Influenza","Influenza virus detections sentinel","Positive specimens","N","2012-W18","DE","Germany",4.000000000,""
"Influenza","Influenza virus detections sentinel","Positive specimens","N","2012-W19","DE","Germany",1.000000000,""
"Influenza","Influenza virus detections sentinel","Positive specimens","N","2012-W20","DE","Germany",0.000000000,""
"Influenza","Influenza virus detections sentinel","Positive specimens","N","2012-W21","DE","Germany",1.000000000,""
"Influenza","Influenza virus detections sentinel","Positive specimens","N","2012-W22","DE","Germany",0.000000000,""
"Influenza","Influenza virus detections sentinel","Positive specimens","N","2012-W23","DE","Germany",0.000000000,""
"Influenza","Influenza virus detections sentinel","Positive specimens","N","2012-W24","DE","Germany",0.000000000,""
"Influenza","Influenza virus detections sentinel","Positive specimens","N","2012-W25","DE","Germany",0.000000000,""
"Influenza","Influenza virus detections sentinel","Positive specimens","N","2012-W26","DE","Germany",0.000000000,""
"Influenza","Influenza virus detections sentinel","Positive specimens","N","2012-W27","DE","Germany",0.000000000,""
"Influenza","Influenza virus detections sentinel","Positive specimens","N","2012-W28","DE","Germany",0.000000000,""
"Influenza","Influenza virus detections sentinel","Positive specimens","N","2012-W29","DE","Germany",0.000000000,""
"Influenza","Influenza virus detections sentinel","Positive specimens","N","2012-W30","DE","Germany",0.000000000,""
"Influenza","Influenza virus detections sentinel","Positive specimens","N","2012-W31","DE","Germany",0.000000000,""
"Influenza","Influenza virus detections sentinel","Positive specimens","N","2012-W32","DE","Germany",0.000000000,""
"Influenza","Influenza virus detections sentinel","Positive specimens","N","2012-W33","DE","Germany",0.000000000,""
"Influenza","Influenza virus detections sentinel","Positive specimens","N","2012-W34","DE","Germany",0.000000000,""
"Influenza","Influenza virus detections sentinel","Positive specimens","N","2012-W35","DE","Germany",0.000000000,""
"Influenza","Influenza virus detections sentinel","Positive specimens","N","2012-W36","DE","Germany",0.000000000,""
"Influenza","Influenza virus detections sentinel","Positive specimens","N","2012-W37","DE","Germany",0.000000000,""
"Influenza","Influenza virus detections sentinel","Positive specimens","N","2012-W38","DE","Germany",0.000000000,""
"Influenza","Influenza virus detections sentinel","Positive specimens","N","2012-W39","DE","Germany",0.000000000,""
"Influenza","Influenza virus detections sentinel","Positive specimens","N","2012-W40","DE","Germany",0.000000000,""
"Influenza","Influenza virus detections sentinel","Positive specimens","N","2012-W41","DE","Germany",0.000000000,""
"Influenza","Influenza virus detections sentinel","Positive specimens","N","2012-W42","DE","Germany",0.000000000,""
"Influenza","Influenza virus detections sentinel","Positive specimens","N","2012-W43","DE","Germany",2.000000000,""
"Influenza","Influenza virus detections sentinel","Positive specimens","N","2012-W44","DE","Germany",1.000000000,""
"Influenza","Influenza virus detections sentinel","Positive specimens","N","2012-W45","DE","Germany",3.000000000,""
"Influenza","Influenza virus detections sentinel","Positive specimens","N","2012-W46","DE","Germany",3.000000000,""
"Influenza","Influenza virus detections sentinel","Positive specimens","N","2012-W47","DE","Germany",4.000000000,""
"Influenza","Influenza virus detections sentinel","Positive specimens","N","2012-W48","DE","Germany",9.000000000,""
"Influenza","Influenza virus detections sentinel","Positive specimens","N","2012-W49","DE","Germany",13.000000000,""
"Influenza","Influenza virus detections sentinel","Positive specimens","N","2012-W50","DE","Germany",22.000000000,""
"Influenza","Influenza virus detections sentinel","Positive specimens","N","2012-W51","DE","Germany",33.000000000,""
"Influenza","Influenza virus detections sentinel","Positive specimens","N","2012-W52","DE","Germany",14.000000000,""
"Influenza","Influenza virus detections sentinel","Positive specimens","N","2013-W01","DE","Germany",26.000000000,""
"Influenza","Influenza virus detections sentinel","Positive specimens","N","2013-W02","DE","Germany",74.000000000,""
"Influenza","Influenza virus detections sentinel","Positive specimens","N","2013-W03","DE","Germany",101.000000000,""
"Influenza","Influenza virus detections sentinel","Positive specimens","N","2013-W04","DE","Germany",171.000000000,""
"Influenza","Influenza virus detections sentinel","Positive specimens","N","2013-W05","DE","Germany",210.000000000,""
"Influenza","Influenza virus detections sentinel","Positive specimens","N","2013-W06","DE","Germany",207.000000000,""
"Influenza","Influenza virus detections sentinel","Positive specimens","N","2013-W07","DE","Germany",178.000000000,""
"Influenza","Influenza virus detections sentinel","Positive specimens","N","2013-W08","DE","Germany",186.000000000,""
"Influenza","Influenza virus detections sentinel","Positive specimens","N","2013-W09","DE","Germany",148.000000000,""
"Influenza","Influenza virus detections sentinel","Positive specimens","N","2013-W10","DE","Germany",129.000000000,""
"Influenza","Influenza virus detections sentinel","Positive specimens","N","2013-W11","DE","Germany",115.000000000,""
"Influenza","Influenza virus detections sentinel","Positive specimens","N","2013-W12","DE","Germany",84.000000000,""
"Influenza","Influenza virus detections sentinel","Positive specimens","N","2013-W13","DE","Germany",62.000000000,""
"Influenza","Influenza virus detections sentinel","Positive specimens","N","2013-W14","DE","Germany",40.000000000,""
"Influenza","Influenza virus detections sentinel","Positive specimens","N","2013-W15","DE","Germany",31.000000000,""
"Influenza","Influenza virus detections sentinel","Positive specimens","N","2013-W16","DE","Germany",17.000000000,""
"Influenza","Influenza virus detections sentinel","Positive specimens","N","2013-W17","DE","Germany",5.000000000,""
"Influenza","Influenza virus detections sentinel","Positive specimens","N","2013-W18","DE","Germany",2.000000000,""
"Influenza","Influenza virus detections sentinel","Positive specimens","N","2013-W19","DE","Germany",2.000000000,""
"Influenza","Influenza virus detections sentinel","Positive specimens","N","2013-W20","DE","Germany",0.000000000,""
"Influenza","Influenza virus detections sentinel","Positive specimens","N","2013-W21","DE","Germany",0.000000000,""
"Influenza","Influenza virus detections sentinel","Positive specimens","N","2013-W22","DE","Germany",0.000000000,""
"Influenza","Influenza virus detections sentinel","Positive specimens","N","2013-W23","DE","Germany",0.000000000,""
"Influenza","Influenza virus detections sentinel","Positive specimens","N","2013-W24","DE","Germany",0.000000000,""
"Influenza","Influenza virus detections sentinel","Positive specimens","N","2013-W25","DE","Germany",1.000000000,""
"Influenza","Influenza virus detections sentinel","Positive specimens","N","2013-W26","DE","Germany",0.000000000,""
"Influenza","Influenza virus detections sentinel","Positive specimens","N","2013-W27","DE","Germany",0.000000000,""
"Influenza","Influenza virus detections sentinel","Positive specimens","N","2013-W28","DE","Germany",0.000000000,""
"Influenza","Influenza virus detections sentinel","Positive specimens","N","2013-W29","DE","Germany",0.000000000,""
"Influenza","Influenza virus detections sentinel","Positive specimens","N","2013-W30","DE","Germany",0.000000000,""
"Influenza","Influenza virus detections sentinel","Positive specimens","N","2013-W31","DE","Germany",0.000000000,""
"Influenza","Influenza virus detections sentinel","Positive specimens","N","2013-W32","DE","Germany",0.000000000,""
"Influenza","Influenza virus detections sentinel","Positive specimens","N","2013-W33","DE","Germany",0.000000000,""
"Influenza","Influenza virus detections sentinel","Positive specimens","N","2013-W34","DE","Germany",0.000000000,""
"Influenza","Influenza virus detections sentinel","Positive specimens","N","2013-W35","DE","Germany",0.000000000,""
"Influenza","Influenza virus detections sentinel","Positive specimens","N","2013-W36","DE","Germany",0.000000000,""
"Influenza","Influenza virus detections sentinel","Positive specimens","N","2013-W37","DE","Germany",0.000000000,""
"Influenza","Influenza virus detections sentinel","Positive specimens","N","2013-W38","DE","Germany",0.000000000,""
"Influenza","Influenza virus detections sentinel","Positive specimens","N","2013-W39","DE","Germany",0.000000000,""
"Influenza","Influenza virus detections sentinel","Positive specimens","N","2013-W40","DE","Germany",0.000000000,""
"Influenza","Influenza virus detections sentinel","Positive specimens","N","2013-W41","DE","Germany",0.000000000,""
"Influenza","Influenza virus detections sentinel","Positive specimens","N","2013-W42","DE","Germany",0.000000000,""
"Influenza","Influenza virus detections sentinel","Positive specimens","N","2013-W43","DE","Germany",0.000000000,""
"Influenza","Influenza virus detections sentinel","Positive specimens","N","2013-W44","DE","Germany",0.000000000,""
"Influenza","Influenza virus detections sentinel","Positive specimens","N","2013-W45","DE","Germany",1.000000000,""
"Influenza","Influenza virus detections sentinel","Positive specimens","N","2013-W46","DE","Germany",0.000000000,""
"Influenza","Influenza virus detections sentinel","Positive specimens","N","2013-W47","DE","Germany",0.000000000,""
"Influenza","Influenza virus detections sentinel","Positive specimens","N","2013-W48","DE","Germany",2.000000000,""
"Influenza","Influenza virus detections sentinel","Positive specimens","N","2013-W49","DE","Germany",0.000000000,""
"Influenza","Influenza virus detections sentinel","Positive specimens","N","2013-W50","DE","Germany",2.000000000,""
"Influenza","Influenza virus detections sentinel","Positive specimens","N","2013-W51","DE","Germany",6.000000000,""
"Influenza","Influenza virus detections sentinel","Positive specimens","N","2013-W52","DE","Germany",3.000000000,""
"Influenza","Influenza virus detections sentinel","Positive specimens","N","2014-W01","DE","Germany",2.000000000,""
"Influenza","Influenza virus detections sentinel","Positive specimens","N","2014-W02","DE","Germany",7.000000000,""
"Influenza","Influenza virus detections sentinel","Positive specimens","N","2014-W03","DE","Germany",11.000000000,""
"Influenza","Influenza virus detections sentinel","Positive specimens","N","2014-W04","DE","Germany",16.000000000,""
"Influenza","Influenza virus detections sentinel","Positive specimens","N","2014-W05","DE","Germany",23.000000000,""
"Influenza","Influenza virus detections sentinel","Positive specimens","N","2014-W06","DE","Germany",46.000000000,""
"Influenza","Influenza virus detections sentinel","Positive specimens","N","2014-W07","DE","Germany",30.000000000,""
"Influenza","Influenza virus detections sentinel","Positive specimens","N","2014-W08","DE","Germany",44.000000000,""
"Influenza","Influenza virus detections sentinel","Positive specimens","N","2014-W09","DE","Germany",37.000000000,""
"Influenza","Influenza virus detections sentinel","Positive specimens","N","2014-W10","DE","Germany",45.000000000,""
"Influenza","Influenza virus detections sentinel","Positive specimens","N","2014-W11","DE","Germany",43.000000000,""
"Influenza","Influenza virus detections sentinel","Positive specimens","N","2014-W12","DE","Germany",44.000000000,""
"Influenza","Influenza virus detections sentinel","Positive specimens","N","2014-W13","DE","Germany",24.000000000,""
"Influenza","Influenza virus detections sentinel","Positive specimens","N","2014-W14","DE","Germany",24.000000000,""
"Influenza","Influenza virus detections sentinel","Positive specimens","N","2014-W15","DE","Germany",16.000000000,""
"Influenza","Influenza virus detections sentinel","Positive specimens","N","2014-W16","DE","Germany",11.000000000,""
"Influenza","Influenza virus detections sentinel","Positive specimens","N","2014-W17","DE","Germany",8.000000000,""
"Influenza","Influenza virus detections sentinel","Positive specimens","N","2014-W18","DE","Germany",4.000000000,""
"Influenza","Influenza virus detections sentinel","Positive specimens","N","2014-W19","DE","Germany",4.000000000,""
"Influenza","Influenza virus detections sentinel","Positive specimens","N","2014-W20","DE","Germany",1.000000000,""
"Influenza","Influenza virus detections sentinel","Positive specimens","N","2014-W21","DE","Germany",0.000000000,""
"Influenza","Influenza virus detections sentinel","Positive specimens","N","2014-W22","DE","Germany",1.000000000,""
"Influenza","Influenza virus detections sentinel","Positive specimens","N","2014-W23","DE","Germany",2.000000000,""
"Influenza","Influenza virus detections sentinel","Positive specimens","N","2014-W24","DE","Germany",0.000000000,""
"Influenza","Influenza virus detections sentinel","Positive specimens","N","2014-W25","DE","Germany",0.000000000,""
"Influenza","Influenza virus detections sentinel","Positive specimens","N","2014-W26","DE","Germany",0.000000000,""
"Influenza","Influenza virus detections sentinel","Positive specimens","N","2014-W27","DE","Germany",0.000000000,""
"Influenza","Influenza virus detections sentinel","Positive specimens","N","2014-W28","DE","Germany",0.000000000,""
"Influenza","Influenza virus detections sentinel","Positive specimens","N","2014-W29","DE","Germany",0.000000000,""
"Influenza","Influenza virus detections sentinel","Positive specimens","N","2014-W30","DE","Germany",0.000000000,""
"Influenza","Influenza virus detections sentinel","Positive specimens","N","2014-W31","DE","Germany",0.000000000,""
"Influenza","Influenza virus detections sentinel","Positive specimens","N","2014-W32","DE","Germany",0.000000000,""
"Influenza","Influenza virus detections sentinel","Positive specimens","N","2014-W33","DE","Germany",0.000000000,""
"Influenza","Influenza virus detections sentinel","Positive specimens","N","2014-W34","DE","Germany",1.000000000,""
"Influenza","Influenza virus detections sentinel","Positive specimens","N","2014-W35","DE","Germany",2.000000000,""
"Influenza","Influenza virus detections sentinel","Positive specimens","N","2014-W36","DE","Germany",1.000000000,""
"Influenza","Influenza virus detections sentinel","Positive specimens","N","2014-W37","DE","Germany",1.000000000,""
"Influenza","Influenza virus detections sentinel","Positive specimens","N","2014-W38","DE","Germany",0.000000000,""
"Influenza","Influenza virus detections sentinel","Positive specimens","N","2014-W39","DE","Germany",1.000000000,""
"Influenza","Influenza virus detections sentinel","Positive specimens","N","2014-W40","DE","Germany",0.000000000,""
"Influenza","Influenza virus detections sentinel","Positive specimens","N","2014-W41","DE","Germany",4.000000000,""
"Influenza","Influenza virus detections sentinel","Positive specimens","N","2014-W42","DE","Germany",2.000000000,""
"Influenza","Influenza virus detections sentinel","Positive specimens","N","2014-W43","DE","Germany",2.000000000,""
"Influenza","Influenza virus detections sentinel","Positive specimens","N","2014-W44","DE","Germany",4.000000000,""
"Influenza","Influenza virus detections sentinel","Positive specimens","N","2014-W45","DE","Germany",2.000000000,""
"Influenza","Influenza virus detections sentinel","Positive specimens","N","2014-W46","DE","Germany",1.000000000,""
"Influenza","Influenza virus detections sentinel","Positive specimens","N","2014-W47","DE","Germany",6.000000000,""
"Influenza","Influenza virus detections sentinel","Positive specimens","N","2014-W48","DE","Germany",13.000000000,""
"Influenza","Influenza virus detections sentinel","Positive specimens","N","2014-W49","DE","Germany",13.000000000,""
"Influenza","Influenza virus detections sentinel","Positive specimens","N","2014-W50","DE","Germany",22.000000000,""
"Influenza","Influenza virus detections sentinel","Positive specimens","N","2014-W51","DE","Germany",32.000000000,""
"Influenza","Influenza virus detections sentinel","Positive specimens","N","2014-W52","DE","Germany",24.000000000,""
"Influenza","Influenza virus detections sentinel","Positive specimens","N","2015-W01","DE","Germany",12.000000000,""
"Influenza","Influenza virus detections sentinel","Positive specimens","N","2015-W02","DE","Germany",54.000000000,""
"Influenza","Influenza virus detections sentinel","Positive specimens","N","2015-W03","DE","Germany",79.000000000,""
"Influenza","Influenza virus detections sentinel","Positive specimens","N","2015-W04","DE","Germany",114.000000000,""
"Influenza","Influenza virus detections sentinel","Positive specimens","N","2015-W05","DE","Germany",165.000000000,""
"Influenza","Influenza virus detections sentinel","Positive specimens","N","2015-W06","DE","Germany",169.000000000,""
"Influenza","Influenza virus detections sentinel","Positive specimens","N","2015-W07","DE","Germany",207.000000000,""
"Influenza","Influenza virus detections sentinel","Positive specimens","N","2015-W08","DE","Germany",199.000000000,""
"Influenza","Influenza virus detections sentinel","Positive specimens","N","2015-W09","DE","Germany",183.000000000,""
"Influenza","Influenza virus detections sentinel","Positive specimens","N","2015-W10","DE","Germany",161.000000000,""
"Influenza","Influenza virus detections sentinel","Positive specimens","N","2015-W11","DE","Germany",124.000000000,""
"Influenza","Influenza virus detections sentinel","Positive specimens","N","2015-W12","DE","Germany",74.000000000,""
"Influenza","Influenza virus detections sentinel","Positive specimens","N","2015-W13","DE","Germany",59.000000000,""
"Influenza","Influenza virus detections sentinel","Positive specimens","N","2015-W14","DE","Germany",29.000000000,""
"Influenza","Influenza virus detections sentinel","Positive specimens","N","2015-W15","DE","Germany",17.000000000,""
"Influenza","Influenza virus detections sentinel","Positive specimens","N","2015-W16","DE","Germany",14.000000000,""
"Influenza","Influenza virus detections sentinel","Positive specimens","N","2015-W17","DE","Germany",6.000000000,""
"Influenza","Influenza virus detections sentinel","Positive specimens","N","2015-W18","DE","Germany",8.000000000,""
"Influenza","Influenza virus detections sentinel","Positive specimens","N","2015-W19","DE","Germany",2.000000000,""
"Influenza","Influenza virus detections sentinel","Positive specimens","N","2015-W20","DE","Germany",0.000000000,""
"Influenza","Influenza virus detections sentinel","Positive specimens","N","2015-W21","DE","Germany",0.000000000,""
"Influenza","Influenza virus detections sentinel","Positive specimens","N","2015-W22","DE","Germany",0.000000000,""
"Influenza","Influenza virus detections sentinel","Positive specimens","N","2015-W23","DE","Germany",0.000000000,""
"Influenza","Influenza virus detections sentinel","Positive specimens","N","2015-W24","DE","Germany",0.000000000,""
"Influenza","Influenza virus detections sentinel","Positive specimens","N","2015-W25","DE","Germany",0.000000000,""
"Influenza","Influenza virus detections sentinel","Positive specimens","N","2015-W26","DE","Germany",1.000000000,""
"Influenza","Influenza virus detections sentinel","Positive specimens","N","2015-W27","DE","Germany",1.000000000,""
"Influenza","Influenza virus detections sentinel","Positive specimens","N","2015-W28","DE","Germany",0.000000000,""
"Influenza","Influenza virus detections sentinel","Positive specimens","N","2015-W29","DE","Germany",0.000000000,""
"Influenza","Influenza virus detections sentinel","Positive specimens","N","2015-W30","DE","Germany",0.000000000,""
"Influenza","Influenza virus detections sentinel","Positive specimens","N","2015-W31","DE","Germany",0.000000000,""
"Influenza","Influenza virus detections sentinel","Positive specimens","N","2015-W32","DE","Germany",0.000000000,""
"Influenza","Influenza virus detections sentinel","Positive specimens","N","2015-W33","DE","Germany",0.000000000,""
"Influenza","Influenza virus detections sentinel","Positive specimens","N","2015-W34","DE","Germany",0.000000000,""
"Influenza","Influenza virus detections sentinel","Positive specimens","N","2015-W35","DE","Germany",0.000000000,""
"Influenza","Influenza virus detections sentinel","Positive specimens","N","2015-W36","DE","Germany",0.000000000,""
"Influenza","Influenza virus detections sentinel","Positive specimens","N","2015-W37","DE","Germany",0.000000000,""
"Influenza","Influenza virus detections sentinel","Positive specimens","N","2015-W38","DE","Germany",0.000000000,""
"Influenza","Influenza virus detections sentinel","Positive specimens","N","2015-W39","DE","Germany",0.000000000,""
"Influenza","Influenza virus detections sentinel","Positive specimens","N","2015-W40","DE","Germany",0.000000000,""
"Influenza","Influenza virus detections sentinel","Positive specimens","N","2015-W41","DE","Germany",2.000000000,""
"Influenza","Influenza virus detections sentinel","Positive specimens","N","2015-W42","DE","Germany",1.000000000,""
"Influenza","Influenza virus detections sentinel","Positive specimens","N","2015-W43","DE","Germany",0.000000000,""
"Influenza","Influenza virus detections sentinel","Positive specimens","N","2015-W44","DE","Germany",1.000000000,""
"Influenza","Influenza virus detections sentinel","Positive specimens","N","2015-W45","DE","Germany",0.000000000,""
"Influenza","Influenza virus detections sentinel","Positive specimens","N","2015-W46","DE","Germany",5.000000000,""
"Influenza","Influenza virus detections sentinel","Positive specimens","N","2015-W47","DE","Germany",4.000000000,""
"Influenza","Influenza virus detections sentinel","Positive specimens","N","2015-W48","DE","Germany",2.000000000,""
"Influenza","Influenza virus detections sentinel","Positive specimens","N","2015-W49","DE","Germany",5.000000000,""
"Influenza","Influenza virus detections sentinel","Positive specimens","N","2015-W50","DE","Germany",10.000000000,""
"Influenza","Influenza virus detections sentinel","Positive specimens","N","2015-W51","DE","Germany",16.000000000,""
"Influenza","Influenza virus detections sentinel","Positive specimens","N","2015-W52","DE","Germany",11.000000000,""
"Influenza","Influenza virus detections sentinel","Positive specimens","N","2015-W53","DE","Germany",5.000000000,""
"Influenza","Influenza virus detections sentinel","Positive specimens","N","2016-W01","DE","Germany",14.000000000,""
"Influenza","Influenza virus detections sentinel","Positive specimens","N","2016-W02","DE","Germany",34.000000000,""
"Influenza","Influenza virus detections sentinel","Positive specimens","N","2016-W03","DE","Germany",52.000000000,""
"Influenza","Influenza virus detections sentinel","Positive specimens","N","2016-W04","DE","Germany",77.000000000,""
"Influenza","Influenza virus detections sentinel","Positive specimens","N","2016-W05","DE","Germany",87.000000000,""
"Influenza","Influenza virus detections sentinel","Positive specimens","N","2016-W06","DE","Germany",91.000000000,""
"Influenza","Influenza virus detections sentinel","Positive specimens","N","2016-W07","DE","Germany",110.000000000,""
"Influenza","Influenza virus detections sentinel","Positive specimens","N","2016-W08","DE","Germany",150.000000000,""
"Influenza","Influenza virus detections sentinel","Positive specimens","N","2016-W09","DE","Germany",159.000000000,""
"Influenza","Influenza virus detections sentinel","Positive specimens","N","2016-W10","DE","Germany",167.000000000,""
"Influenza","Influenza virus detections sentinel","Positive specimens","N","2016-W11","DE","Germany",137.000000000,""
"Influenza","Influenza virus detections sentinel","Positive specimens","N","2016-W12","DE","Germany",126.000000000,""
"Influenza","Influenza virus detections sentinel","Positive specimens","N","2016-W13","DE","Germany",72.000000000,""
"Influenza","Influenza virus detections sentinel","Positive specimens","N","2016-W14","DE","Germany",64.000000000,""
"Influenza","Influenza virus detections sentinel","Positive specimens","N","2016-W15","DE","Germany",35.000000000,""
"Influenza","Influenza virus detections sentinel","Positive specimens","N","2016-W16","DE","Germany",12.000000000,""
"Influenza","Influenza virus detections sentinel","Positive specimens","N","2016-W17","DE","Germany",10.000000000,""
"Influenza","Influenza virus detections sentinel","Positive specimens","N","2016-W18","DE","Germany",11.000000000,""
"Influenza","Influenza virus detections sentinel","Positive specimens","N","2016-W19","DE","Germany",1.000000000,""
"Influenza","Influenza virus detections sentinel","Positive specimens","N","2016-W20","DE","Germany",4.000000000,""
"Influenza","Influenza virus detections sentinel","Positive specimens","N","2016-W21","DE","Germany",1.000000000,""
"Influenza","Influenza virus detections sentinel","Positive specimens","N","2016-W22","DE","Germany",1.000000000,""
"Influenza","Influenza virus detections sentinel","Positive specimens","N","2016-W23","DE","Germany",0.000000000,""
"Influenza","Influenza virus detections sentinel","Positive specimens","N","2016-W24","DE","Germany",1.000000000,""
"Influenza","Influenza virus detections sentinel","Positive specimens","N","2016-W25","DE","Germany",0.000000000,""
"Influenza","Influenza virus detections sentinel","Positive specimens","N","2016-W26","DE","Germany",0.000000000,""
"Influenza","Influenza virus detections sentinel","Positive specimens","N","2016-W27","DE","Germany",0.000000000,""
"Influenza","Influenza virus detections sentinel","Positive specimens","N","2016-W28","DE","Germany",0.000000000,""
"Influenza","Influenza virus detections sentinel","Positive specimens","N","2016-W29","DE","Germany",1.000000000,""
"Influenza","Influenza virus detections sentinel","Positive specimens","N","2016-W30","DE","Germany",1.000000000,""
"Influenza","Influenza virus detections sentinel","Positive specimens","N","2016-W31","DE","Germany",0.000000000,""
"Influenza","Influenza virus detections sentinel","Positive specimens","N","2016-W32","DE","Germany",0.000000000,""
"Influenza","Influenza virus detections sentinel","Positive specimens","N","2016-W33","DE","Germany",0.000000000,""
"Influenza","Influenza virus detections sentinel","Positive specimens","N","2016-W34","DE","Germany",1.000000000,""
"Influenza","Influenza virus detections sentinel","Positive specimens","N","2016-W35","DE","Germany",0.000000000,""
"Influenza","Influenza virus detections sentinel","Positive specimens","N","2016-W36","DE","Germany",1.000000000,""
"Influenza","Influenza virus detections sentinel","Positive specimens","N","2016-W37","DE","Germany",1.000000000,""
"Influenza","Influenza virus detections sentinel","Positive specimens","N","2016-W38","DE","Germany",0.000000000,""
"Influenza","Influenza virus detections sentinel","Positive specimens","N","2016-W39","DE","Germany",0.000000000,""
"Influenza","Influenza virus detections sentinel","Positive specimens","N","2016-W40","DE","Germany",0.000000000,""
"Influenza","Influenza virus detections sentinel","Positive specimens","N","2016-W41","DE","Germany",1.000000000,""
"Influenza","Influenza virus detections sentinel","Positive specimens","N","2016-W42","DE","Germany",1.000000000,""
"Influenza","Influenza virus detections sentinel","Positive specimens","N","2016-W43","DE","Germany",2.000000000,""
"Influenza","Influenza virus detections sentinel","Positive specimens","N","2016-W44","DE","Germany",3.000000000,""
"Influenza","Influenza virus detections sentinel","Positive specimens","N","2016-W45","DE","Germany",10.000000000,""
"Influenza","Influenza virus detections sentinel","Positive specimens","N","2016-W46","DE","Germany",12.000000000,""
"Influenza","Influenza virus detections sentinel","Positive specimens","N","2016-W47","DE","Germany",15.000000000,""
"Influenza","Influenza virus detections sentinel","Positive specimens","N","2016-W48","DE","Germany",9.000000000,""
"Influenza","Influenza virus detections sentinel","Positive specimens","N","2016-W49","DE","Germany",22.000000000,""
"Influenza","Influenza virus detections sentinel","Positive specimens","N","2016-W50","DE","Germany",44.000000000,""
"Influenza","Influenza virus detections sentinel","Positive specimens","N","2016-W51","DE","Germany",63.000000000,""
"Influenza","Influenza virus detections sentinel","Positive specimens","N","2016-W52","DE","Germany",42.000000000,""
"Influenza","Influenza virus detections sentinel","Positive specimens","N","2017-W01","DE","Germany",81.000000000,""
"Influenza","Influenza virus detections sentinel","Positive specimens","N","2017-W02","DE","Germany",131.000000000,""
"Influenza","Influenza virus detections sentinel","Positive specimens","N","2017-W03","DE","Germany",170.000000000,""
"Influenza","Influenza virus detections sentinel","Positive specimens","N","2017-W04","DE","Germany",204.000000000,""
"Influenza","Influenza virus detections sentinel","Positive specimens","N","2017-W05","DE","Germany",231.000000000,""
"Influenza","Influenza virus detections sentinel","Positive specimens","N","2017-W06","DE","Germany",227.000000000,""
"Influenza","Influenza virus detections sentinel","Positive specimens","N","2017-W07","DE","Germany",201.000000000,""
"Influenza","Influenza virus detections sentinel","Positive specimens","N","2017-W08","DE","Germany",140.000000000,""
"Influenza","Influenza virus detections sentinel","Positive specimens","N","2017-W09","DE","Germany",81.000000000,""
"Influenza","Influenza virus detections sentinel","Positive specimens","N","2017-W10","DE","Germany",55.000000000,""
"Influenza","Influenza virus detections sentinel","Positive specimens","N","2017-W11","DE","Germany",31.000000000,""
"Influenza","Influenza virus detections sentinel","Positive specimens","N","2017-W12","DE","Germany",23.000000000,""
"Influenza","Influenza virus detections sentinel","Positive specimens","N","2017-W13","DE","Germany",8.000000000,""
"Influenza","Influenza virus detections sentinel","Positive specimens","N","2017-W14","DE","Germany",11.000000000,""
"Influenza","Influenza virus detections sentinel","Positive specimens","N","2017-W15","DE","Germany",2.000000000,""
"Influenza","Influenza virus detections sentinel","Positive specimens","N","2017-W16","DE","Germany",2.000000000,""
"Influenza","Influenza virus detections sentinel","Positive specimens","N","2017-W17","DE","Germany",1.000000000,""
"Influenza","Influenza virus detections sentinel","Positive specimens","N","2017-W18","DE","Germany",1.000000000,""
"Influenza","Influenza virus detections sentinel","Positive specimens","N","2017-W19","DE","Germany",4.000000000,""
"Influenza","Influenza virus detections sentinel","Positive specimens","N","2017-W20","DE","Germany",0.000000000,""
"Influenza","Influenza virus detections sentinel","Positive specimens","N","2017-W21","DE","Germany",0.000000000,""
"Influenza","Influenza virus detections sentinel","Positive specimens","N","2017-W22","DE","Germany",1.000000000,""
"Influenza","Influenza virus detections sentinel","Positive specimens","N","2017-W23","DE","Germany",0.000000000,""
"Influenza","Influenza virus detections sentinel","Positive specimens","N","2017-W24","DE","Germany",1.000000000,""
"Influenza","Influenza virus detections sentinel","Positive specimens","N","2017-W25","DE","Germany",0.000000000,""
"Influenza","Influenza virus detections sentinel","Positive specimens","N","2017-W26","DE","Germany",0.000000000,""
"Influenza","Influenza virus detections sentinel","Positive specimens","N","2017-W27","DE","Germany",0.000000000,""
"Influenza","Influenza virus detections sentinel","Positive specimens","N","2017-W28","DE","Germany",0.000000000,""
"Influenza","Influenza virus detections sentinel","Positive specimens","N","2017-W29","DE","Germany",0.000000000,""
"Influenza","Influenza virus detections sentinel","Positive specimens","N","2017-W30","DE","Germany",0.000000000,""
"Influenza","Influenza virus detections sentinel","Positive specimens","N","2017-W31","DE","Germany",1.000000000,""
"Influenza","Influenza virus detections sentinel","Positive specimens","N","2017-W32","DE","Germany",0.000000000,""
"Influenza","Influenza virus detections sentinel","Positive specimens","N","2017-W33","DE","Germany",0.000000000,""
"Influenza","Influenza virus detections sentinel","Positive specimens","N","2017-W34","DE","Germany",0.000000000,""
"Influenza","Influenza virus detections sentinel","Positive specimens","N","2017-W35","DE","Germany",0.000000000,""
"Influenza","Influenza virus detections sentinel","Positive specimens","N","2017-W36","DE","Germany",0.000000000,""
"Influenza","Influenza virus detections sentinel","Positive specimens","N","2017-W37","DE","Germany",0.000000000,""
"Influenza","Influenza virus detections sentinel","Positive specimens","N","2017-W38","DE","Germany",0.000000000,""
"Influenza","Influenza virus detections sentinel","Positive specimens","N","2017-W39","DE","Germany",0.000000000,""
"Influenza","Influenza virus detections sentinel","Positive specimens","N","2017-W40","DE","Germany",4.000000000,""
"Influenza","Influenza virus detections sentinel","Positive specimens","N","2017-W41","DE","Germany",2.000000000,""
"Influenza","Influenza virus detections sentinel","Positive specimens","N","2017-W42","DE","Germany",2.000000000,""
"Influenza","Influenza virus detections sentinel","Positive specimens","N","2017-W43","DE","Germany",1.000000000,""
"Influenza","Influenza virus detections sentinel","Positive specimens","N","2017-W44","DE","Germany",1.000000000,""
"Influenza","Influenza virus detections sentinel","Positive specimens","N","2017-W45","DE","Germany",4.000000000,""
"Influenza","Influenza virus detections sentinel","Positive specimens","N","2017-W46","DE","Germany",2.000000000,""
"Influenza","Influenza virus detections sentinel","Positive specimens","N","2017-W47","DE","Germany",8.000000000,""
"Influenza","Influenza virus detections sentinel","Positive specimens","N","2017-W48","DE","Germany",8.000000000,""
"Influenza","Influenza virus detections sentinel","Positive specimens","N","2017-W49","DE","Germany",11.000000000,""
"Influenza","Influenza virus detections sentinel","Positive specimens","N","2017-W50","DE","Germany",14.000000000,""
"Influenza","Influenza virus detections sentinel","Positive specimens","N","2017-W51","DE","Germany",23.000000000,""
"Influenza","Influenza virus detections sentinel","Positive specimens","N","2017-W52","DE","Germany",23.000000000,""
"Influenza","Influenza virus detections sentinel","Positive specimens","N","2018-W01","DE","Germany",52.000000000,""
"Influenza","Influenza virus detections sentinel","Positive specimens","N","2018-W02","DE","Germany",66.000000000,""
"Influenza","Influenza virus detections sentinel","Positive specimens","N","2018-W03","DE","Germany",124.000000000,""
"Influenza","Influenza virus detections sentinel","Positive specimens","N","2018-W04","DE","Germany",188.000000000,""
"Influenza","Influenza virus detections sentinel","Positive specimens","N","2018-W05","DE","Germany",215.000000000,""
"Influenza","Influenza virus detections sentinel","Positive specimens","N","2018-W06","DE","Germany",191.000000000,""
"Influenza","Influenza virus detections sentinel","Positive specimens","N","2018-W07","DE","Germany",252.000000000,""
"Influenza","Influenza virus detections sentinel","Positive specimens","N","2018-W08","DE","Germany",263.000000000,""
"Influenza","Influenza virus detections sentinel","Positive specimens","N","2018-W09","DE","Germany",301.000000000,""
"Influenza","Influenza virus detections sentinel","Positive specimens","N","2018-W10","DE","Germany",278.000000000,""
"Influenza","Influenza virus detections sentinel","Positive specimens","N","2018-W11","DE","Germany",207.000000000,""
"Influenza","Influenza virus detections sentinel","Positive specimens","N","2018-W12","DE","Germany",117.000000000,""
"Influenza","Influenza virus detections sentinel","Positive specimens","N","2018-W13","DE","Germany",73.000000000,""
"Influenza","Influenza virus detections sentinel","Positive specimens","N","2018-W14","DE","Germany",39.000000000,""
"Influenza","Influenza virus detections sentinel","Positive specimens","N","2018-W15","DE","Germany",14.000000000,""
"Influenza","Influenza virus detections sentinel","Positive specimens","N","2018-W16","DE","Germany",7.000000000,""
"Influenza","Influenza virus detections sentinel","Positive specimens","N","2018-W17","DE","Germany",1.000000000,""
"Influenza","Influenza virus detections sentinel","Positive specimens","N","2018-W18","DE","Germany",2.000000000,""
"Influenza","Influenza virus detections sentinel","Positive specimens","N","2018-W19","DE","Germany",1.000000000,""
"Influenza","Influenza virus detections sentinel","Positive specimens","N","2018-W20","DE","Germany",1.000000000,""
"Influenza","Influenza virus detections sentinel","Positive specimens","N","2018-W21","DE","Germany",1.000000000,""
"Influenza","Influenza virus detections sentinel","Positive specimens","N","2018-W22","DE","Germany",0.000000000,""
"Influenza","Influenza virus detections sentinel","Positive specimens","N","2018-W23","DE","Germany",0.000000000,""
"Influenza","Influenza virus detections sentinel","Positive specimens","N","2018-W24","DE","Germany",0.000000000,""
"Influenza","Influenza virus detections sentinel","Positive specimens","N","2018-W25","DE","Germany",0.000000000,""
"Influenza","Influenza virus detections sentinel","Positive specimens","N","2018-W26","DE","Germany",0.000000000,""
"Influenza","Influenza virus detections sentinel","Positive specimens","N","2018-W27","DE","Germany",0.000000000,""
"Influenza","Influenza virus detections sentinel","Positive specimens","N","2018-W28","DE","Germany",0.000000000,""
"Influenza","Influenza virus detections sentinel","Positive specimens","N","2018-W29","DE","Germany",0.000000000,""
"Influenza","Influenza virus detections sentinel","Positive specimens","N","2018-W30","DE","Germany",0.000000000,""
"Influenza","Influenza virus detections sentinel","Positive specimens","N","2018-W31","DE","Germany",0.000000000,""
"Influenza","Influenza virus detections sentinel","Positive specimens","N","2018-W32","DE","Germany",0.000000000,""
"Influenza","Influenza virus detections sentinel","Positive specimens","N","2018-W33","DE","Germany",1.000000000,""
"Influenza","Influenza virus detections sentinel","Positive specimens","N","2018-W34","DE","Germany",0.000000000,""
"Influenza","Influenza virus detections sentinel","Positive specimens","N","2018-W35","DE","Germany",0.000000000,""
"Influenza","Influenza virus detections sentinel","Positive specimens","N","2018-W36","DE","Germany",0.000000000,""
"Influenza","Influenza virus detections sentinel","Positive specimens","N","2018-W37","DE","Germany",0.000000000,""
"Influenza","Influenza virus detections sentinel","Positive specimens","N","2018-W38","DE","Germany",0.000000000,""
"Influenza","Influenza virus detections sentinel","Positive specimens","N","2018-W40","DE","Germany",0.000000000,""
"Influenza","Influenza virus detections sentinel","Positive specimens","N","2018-W41","DE","Germany",0.000000000,""
"Influenza","Influenza virus detections sentinel","Positive specimens","N","2018-W42","DE","Germany",0.000000000,""
"Influenza","Influenza virus detections sentinel","Positive specimens","N","2018-W43","DE","Germany",0.000000000,""
"Influenza","Influenza virus detections sentinel","Positive specimens","N","2018-W44","DE","Germany",1.000000000,""
"Influenza","Influenza virus detections sentinel","Positive specimens","N","2018-W45","DE","Germany",2.000000000,""
"Influenza","Influenza virus detections sentinel","Positive specimens","N","2018-W46","DE","Germany",2.000000000,""
"Influenza","Influenza virus detections sentinel","Positive specimens","N","2018-W47","DE","Germany",4.000000000,""
"Influenza","Influenza virus detections sentinel","Positive specimens","N","2018-W48","DE","Germany",8.000000000,""
"Influenza","Influenza virus detections sentinel","Positive specimens","N","2018-W49","DE","Germany",9.000000000,""
"Influenza","Influenza virus detections sentinel","Positive specimens","N","2018-W50","DE","Germany",14.000000000,""
"Influenza","Influenza virus detections sentinel","Positive specimens","N","2018-W51","DE","Germany",20.000000000,""
"Influenza","Influenza virus detections sentinel","Positive specimens","N","2018-W52","DE","Germany",9.000000000,""
"Influenza","Influenza virus detections sentinel","Positive specimens","N","2019-W01","DE","Germany",30.000000000,""
"Influenza","Influenza virus detections sentinel","Positive specimens","N","2019-W02","DE","Germany",44.000000000,""
"Influenza","Influenza virus detections sentinel","Positive specimens","N","2019-W03","DE","Germany",64.000000000,""
"Influenza","Influenza virus detections sentinel","Positive specimens","N","2019-W04","DE","Germany",87.000000000,""
"Influenza","Influenza virus detections sentinel","Positive specimens","N","2019-W05","DE","Germany",141.000000000,""
"Influenza","Influenza virus detections sentinel","Positive specimens","N","2019-W06","DE","Germany",170.000000000,""
"Influenza","Influenza virus detections sentinel","Positive specimens","N","2019-W07","DE","Germany",157.000000000,""
"Influenza","Influenza virus detections sentinel","Positive specimens","N","2019-W08","DE","Germany",160.000000000,""
"Influenza","Influenza virus detections sentinel","Positive specimens","N","2019-W09","DE","Germany",150.000000000,""
"Influenza","Influenza virus detections sentinel","Positive specimens","N","2019-W10","DE","Germany",112.000000000,""
"Influenza","Influenza virus detections sentinel","Positive specimens","N","2019-W11","DE","Germany",94.000000000,""
"Influenza","Influenza virus detections sentinel","Positive specimens","N","2019-W12","DE","Germany",73.000000000,""
"Influenza","Influenza virus detections sentinel","Positive specimens","N","2019-W13","DE","Germany",41.000000000,""
"Influenza","Influenza virus detections sentinel","Positive specimens","N","2019-W14","DE","Germany",41.000000000,""
"Influenza","Influenza virus detections sentinel","Positive specimens","N","2019-W15","DE","Germany",16.000000000,""
"Influenza","Influenza virus detections sentinel","Positive specimens","N","2019-W16","DE","Germany",7.000000000,""
"Influenza","Influenza virus detections sentinel","Positive specimens","N","2019-W17","DE","Germany",3.000000000,""
"Influenza","Influenza virus detections sentinel","Positive specimens","N","2019-W18","DE","Germany",1.000000000,""
"Influenza","Influenza virus detections sentinel","Positive specimens","N","2019-W19","DE","Germany",0.000000000,""
"Influenza","Influenza virus detections sentinel","Positive specimens","N","2019-W20","DE","Germany",2.000000000,""
"Influenza","Influenza virus detections sentinel","Positive specimens","N","2019-W21","DE","Germany",1.000000000,""
"Influenza","Influenza virus detections sentinel","Positive specimens","N","2019-W22","DE","Germany",0.000000000,""
"Influenza","Influenza virus detections sentinel","Positive specimens","N","2019-W23","DE","Germany",0.000000000,""
"Influenza","Influenza virus detections sentinel","Positive specimens","N","2019-W24","DE","Germany",0.000000000,""
"Influenza","Influenza virus detections sentinel","Positive specimens","N","2019-W25","DE","Germany",0.000000000,""
"Influenza","Influenza virus detections sentinel","Positive specimens","N","2019-W26","DE","Germany",0.000000000,""
"Influenza","Influenza virus detections sentinel","Positive specimens","N","2019-W27","DE","Germany",0.000000000,""
"Influenza","Influenza virus detections sentinel","Positive specimens","N","2019-W28","DE","Germany",0.000000000,""
"Influenza","Influenza virus detections sentinel","Positive specimens","N","2019-W29","DE","Germany",0.000000000,""
"Influenza","Influenza virus detections sentinel","Positive specimens","N","2019-W30","DE","Germany",1.000000000,""
"Influenza","Influenza virus detections sentinel","Positive specimens","N","2019-W31","DE","Germany",1.000000000,""
"Influenza","Influenza virus detections sentinel","Positive specimens","N","2019-W32","DE","Germany",0.000000000,""
"Influenza","Influenza virus detections sentinel","Positive specimens","N","2019-W33","DE","Germany",0.000000000,""
"Influenza","Influenza virus detections sentinel","Positive specimens","N","2019-W34","DE","Germany",0.000000000,""
"Influenza","Influenza virus detections sentinel","Positive specimens","N","2019-W35","DE","Germany",0.000000000,""
"Influenza","Influenza virus detections sentinel","Positive specimens","N","2019-W36","DE","Germany",0.000000000,""
"Influenza","Influenza virus detections sentinel","Positive specimens","N","2019-W37","DE","Germany",0.000000000,""
"Influenza","Influenza virus detections sentinel","Positive specimens","N","2019-W38","DE","Germany",0.000000000,""
"Influenza","Influenza virus detections sentinel","Positive specimens","N","2019-W40","DE","Germany",1.000000000,""
"Influenza","Influenza virus detections sentinel","Positive specimens","N","2019-W41","DE","Germany",2.000000000,""
"Influenza","Influenza virus detections sentinel","Positive specimens","N","2019-W42","DE","Germany",3.000000000,""
"Influenza","Influenza virus detections sentinel","Positive specimens","N","2019-W43","DE","Germany",1.000000000,""
"Influenza","Influenza virus detections sentinel","Positive specimens","N","2019-W44","DE","Germany",0.000000000,""
"Influenza","Influenza virus detections sentinel","Positive specimens","N","2019-W45","DE","Germany",2.000000000,""
"Influenza","Influenza virus detections sentinel","Positive specimens","N","2019-W46","DE","Germany",1.000000000,""
"Influenza","Influenza virus detections sentinel","Positive specimens","N","2019-W47","DE","Germany",4.000000000,""
"Influenza","Influenza virus detections sentinel","Positive specimens","N","2019-W48","DE","Germany",7.000000000,""
"Influenza","Influenza virus detections sentinel","Positive specimens","N","2019-W49","DE","Germany",8.000000000,""
"Influenza","Influenza virus detections sentinel","Positive specimens","N","2019-W50","DE","Germany",12.000000000,""
"Influenza","Influenza virus detections sentinel","Positive specimens","N","2019-W51","DE","Germany",15.000000000,""
"Influenza","Influenza virus detections sentinel","Positive specimens","N","2019-W52","DE","Germany",6.000000000,""
"Influenza","Influenza virus detections sentinel","Positive specimens","N","2020-W01","DE","Germany",11.000000000,""
"Influenza","Influenza virus detections sentinel","Positive specimens","N","2020-W02","DE","Germany",34.000000000,""
"Influenza","Influenza virus detections sentinel","Positive specimens","N","2020-W03","DE","Germany",50.000000000,""
"Influenza","Influenza virus detections sentinel","Positive specimens","N","2020-W04","DE","Germany",91.000000000,""
"Influenza","Influenza virus detections sentinel","Positive specimens","N","2020-W05","DE","Germany",128.000000000,""
"Influenza","Influenza virus detections sentinel","Positive specimens","N","2020-W06","DE","Germany",111.000000000,""
"Influenza","Influenza virus detections sentinel","Positive specimens","N","2020-W07","DE","Germany",114.000000000,""
"Influenza","Influenza virus detections sentinel","Positive specimens","N","2020-W08","DE","Germany",104.000000000,""
"Influenza","Influenza virus detections sentinel","Positive specimens","N","2020-W09","DE","Germany",110.000000000,""
"Influenza","Influenza virus detections sentinel","Positive specimens","N","2020-W10","DE","Germany",128.000000000,""
"Influenza","Influenza virus detections sentinel","Positive specimens","N","2020-W11","DE","Germany",87.000000000,""
"Influenza","Influenza virus detections sentinel","Positive specimens","N","2020-W12","DE","Germany",56.000000000,""
"Influenza","Influenza virus detections sentinel","Positive specimens","N","2020-W13","DE","Germany",19.000000000,""
"Influenza","Influenza virus detections sentinel","Positive specimens","N","2020-W14","DE","Germany",2.000000000,""
"Influenza","Influenza virus detections sentinel","Positive specimens","N","2020-W15","DE","Germany",0.000000000,""
"Influenza","Influenza virus detections sentinel","Positive specimens","N","2020-W16","DE","Germany",2.000000000,""
"Influenza","Influenza virus detections sentinel","Positive specimens","N","2020-W17","DE","Germany",2.000000000,""
"Influenza","Influenza virus detections sentinel","Positive specimens","N","2020-W18","DE","Germany",0.000000000,""
"Influenza","Influenza virus detections sentinel","Positive specimens","N","2020-W19","DE","Germany",1.000000000,""
"Influenza","Influenza virus detections sentinel","Positive specimens","N","2020-W20","DE","Germany",2.000000000,""
"Influenza","Influenza virus detections sentinel","Positive specimens","N","2020-W21","DE","Germany",1.000000000,""
"Influenza","Influenza virus detections sentinel","Positive specimens","N","2020-W22","DE","Germany",0.000000000,""
"Influenza","Influenza virus detections sentinel","Positive specimens","N","2020-W23","DE","Germany",0.000000000,""
"Influenza","Influenza virus detections sentinel","Positive specimens","N","2020-W24","DE","Germany",1.000000000,""
"Influenza","Influenza virus detections sentinel","Positive specimens","N","2020-W25","DE","Germany",0.000000000,""
"Influenza","Influenza virus detections sentinel","Positive specimens","N","2020-W26","DE","Germany",0.000000000,""
"Influenza","Influenza virus detections sentinel","Positive specimens","N","2020-W27","DE","Germany",0.000000000,""
"Influenza","Influenza virus detections sentinel","Positive specimens","N","2020-W28","DE","Germany",0.000000000,""
"Influenza","Influenza virus detections sentinel","Positive specimens","N","2020-W29","DE","Germany",0.000000000,""
"Influenza","Influenza virus detections sentinel","Positive specimens","N","2020-W30","DE","Germany",0.000000000,""
"Influenza","Influenza virus detections sentinel","Positive specimens","N","2020-W31","DE","Germany",0.000000000,""
"Influenza","Influenza virus detections sentinel","Positive specimens","N","2020-W32","DE","Germany",0.000000000,""
"Influenza","Influenza virus detections sentinel","Positive specimens","N","2020-W33","DE","Germany",0.000000000,""
"Influenza","Influenza virus detections sentinel","Positive specimens","N","2020-W34","DE","Germany",0.000000000,""
"Influenza","Influenza virus detections sentinel","Positive specimens","N","2020-W35","DE","Germany",0.000000000,""
"Influenza","Influenza virus detections sentinel","Positive specimens","N","2020-W36","DE","Germany",0.000000000,""
"Influenza","Influenza virus detections sentinel","Positive specimens","N","2020-W37","DE","Germany",1.000000000,""
"Influenza","Influenza virus detections sentinel","Positive specimens","N","2020-W38","DE","Germany",1.000000000,""
"Influenza","Influenza virus detections sentinel","Positive specimens","N","2020-W39","DE","Germany",0.000000000,""
"Influenza","Influenza virus detections sentinel","Positive specimens","N","2020-W40","DE","Germany",0.000000000,""
"Influenza","Influenza virus detections sentinel","Positive specimens","N","2020-W41","DE","Germany",0.000000000,""
"Influenza","Influenza virus detections sentinel","Positive specimens","N","2020-W42","DE","Germany",0.000000000,""
"Influenza","Influenza virus detections sentinel","Positive specimens","N","2020-W43","DE","Germany",0.000000000,""
"Influenza","Influenza virus detections sentinel","Positive specimens","N","2020-W44","DE","Germany",0.000000000,""
"Influenza","Influenza virus detections sentinel","Positive specimens","N","2020-W45","DE","Germany",0.000000000,""
"Influenza","Influenza virus detections sentinel","Positive specimens","N","2020-W46","DE","Germany",0.000000000,""
"Influenza","Influenza virus detections sentinel","Positive specimens","N","2020-W47","DE","Germany",0.000000000,""
"Influenza","Influenza virus detections sentinel","Positive specimens","N","2020-W48","DE","Germany",0.000000000,""
"Influenza","Influenza virus detections sentinel","Positive specimens","N","2020-W49","DE","Germany",0.000000000,""
"Influenza","Influenza virus detections sentinel","Positive specimens","N","2020-W50","DE","Germany",0.000000000,""
"Influenza","Influenza virus detections sentinel","Positive specimens","N","2020-W51","DE","Germany",0.000000000,""
"Influenza","Influenza virus detections sentinel","Positive specimens","N","2020-W52","DE","Germany",0.000000000,""
"Influenza","Influenza virus detections sentinel","Positive specimens","N","2020-W53","DE","Germany",0.000000000,""
"Influenza","Influenza virus detections sentinel","Positive specimens","N","2021-W01","DE","Germany",0.000000000,""
"Influenza","Influenza virus detections sentinel","Positive specimens","N","2021-W02","DE","Germany",0.000000000,""
"Influenza","Influenza virus detections sentinel","Positive specimens","N","2021-W03","DE","Germany",0.000000000,""
"Influenza","Influenza virus detections sentinel","Positive specimens","N","2021-W04","DE","Germany",0.000000000,""
"Influenza","Influenza virus detections sentinel","Positive specimens","N","2021-W05","DE","Germany",0.000000000,""
"Influenza","Influenza virus detections sentinel","Positive specimens","N","2021-W06","DE","Germany",0.000000000,""
"Influenza","Influenza virus detections sentinel","Positive specimens","N","2021-W07","DE","Germany",0.000000000,""
"Influenza","Influenza virus detections sentinel","Positive specimens","N","2021-W08","DE","Germany",0.000000000,""
"Influenza","Influenza virus detections sentinel","Positive specimens","N","2021-W09","DE","Germany",2.000000000,""
"Influenza","Influenza virus detections sentinel","Positive specimens","N","2021-W10","DE","Germany",1.000000000,""
"Influenza","Influenza virus detections sentinel","Positive specimens","N","2021-W11","DE","Germany",0.000000000,""
"Influenza","Influenza virus detections sentinel","Positive specimens","N","2021-W12","DE","Germany",0.000000000,""
"Influenza","Influenza virus detections sentinel","Positive specimens","N","2021-W13","DE","Germany",0.000000000,""
"Influenza","Influenza virus detections sentinel","Positive specimens","N","2021-W14","DE","Germany",0.000000000,""
"Influenza","Influenza virus detections sentinel","Positive specimens","N","2021-W15","DE","Germany",0.000000000,""
"Influenza","Influenza virus detections sentinel","Positive specimens","N","2021-W16","DE","Germany",0.000000000,""
"Influenza","Influenza virus detections sentinel","Positive specimens","N","2021-W17","DE","Germany",0.000000000,""
"Influenza","Influenza virus detections sentinel","Positive specimens","N","2021-W18","DE","Germany",2.000000000,""
"Influenza","Influenza virus detections sentinel","Positive specimens","N","2021-W19","DE","Germany",0.000000000,""
"Influenza","Influenza virus detections sentinel","Positive specimens","N","2021-W20","DE","Germany",0.000000000,""
"Influenza","Influenza virus detections sentinel","Positive specimens","N","2021-W21","DE","Germany",2.000000000,""
"Influenza","Influenza virus detections sentinel","Positive specimens","N","2021-W22","DE","Germany",0.000000000,""
"Influenza","Influenza virus detections sentinel","Positive specimens","N","2021-W23","DE","Germany",2.000000000,""
"Influenza","Influenza virus detections sentinel","Positive specimens","N","2021-W24","DE","Germany",1.000000000,""
"Influenza","Influenza virus detections sentinel","Positive specimens","N","2021-W25","DE","Germany",0.000000000,""
"Influenza","Influenza virus detections sentinel","Positive specimens","N","2021-W26","DE","Germany",0.000000000,""
"Influenza","Influenza virus detections sentinel","Positive specimens","N","2021-W27","DE","Germany",0.000000000,""
"Influenza","Influenza virus detections sentinel","Positive specimens","N","2021-W28","DE","Germany",1.000000000,""
"Influenza","Influenza virus detections sentinel","Positive specimens","N","2021-W29","DE","Germany",0.000000000,""
"Influenza","Influenza virus detections sentinel","Positive specimens","N","2021-W30","DE","Germany",4.000000000,""
"Influenza","Influenza virus detections sentinel","Positive specimens","N","2021-W31","DE","Germany",5.000000000,""
"Influenza","Influenza virus detections sentinel","Positive specimens","N","2021-W32","DE","Germany",4.000000000,""
"Influenza","Influenza virus detections sentinel","Positive specimens","N","2021-W33","DE","Germany",7.000000000,""
"Influenza","Influenza virus detections sentinel","Positive specimens","N","2021-W34","DE","Germany",5.000000000,""
"Influenza","Influenza virus detections sentinel","Positive specimens","N","2021-W35","DE","Germany",8.000000000,""
"Influenza","Influenza virus detections sentinel","Positive specimens","N","2021-W36","DE","Germany",25.000000000,""
"Influenza","Influenza virus detections sentinel","Positive specimens","N","2021-W37","DE","Germany",24.000000000,""
"Influenza","Influenza virus detections sentinel","Positive specimens","N","2021-W38","DE","Germany",44.000000000,""
"Influenza","Influenza virus detections sentinel","Positive specimens","N","2021-W39","DE","Germany",44.000000000,""
"Influenza","Influenza virus detections sentinel","Positive specimens","N","2021-W40","DE","Germany",72.000000000,""
"Influenza","Influenza virus detections sentinel","Positive specimens","N","2021-W41","DE","Germany",65.000000000,""
"Influenza","Influenza virus detections sentinel","Positive specimens","N","2021-W42","DE","Germany",66.000000000,""
"Influenza","Influenza virus detections sentinel","Positive specimens","N","2021-W43","DE","Germany",67.000000000,""
"Influenza","Influenza virus detections sentinel","Positive specimens","N","2021-W44","DE","Germany",64.000000000,""
"Influenza","Influenza virus detections sentinel","Positive specimens","N","2021-W45","DE","Germany",77.000000000,""
"Influenza","Influenza virus detections sentinel","Positive specimens","N","2021-W46","DE","Germany",50.000000000,""
"Influenza","Influenza virus detections sentinel","Positive specimens","N","2021-W47","DE","Germany",49.000000000,""
"Influenza","Influenza virus detections sentinel","Positive specimens","N","2021-W48","DE","Germany",41.000000000,""
"Influenza","Influenza virus detections sentinel","Positive specimens","N","2021-W49","DE","Germany",22.000000000,""
"Influenza","Influenza virus detections sentinel","Positive specimens","N","2021-W50","DE","Germany",26.000000000,""
"Influenza","Influenza virus detections sentinel","Positive specimens","N","2021-W51","DE","Germany",6.000000000,""
"Influenza","Influenza virus detections sentinel","Positive specimens","N","2021-W52","DE","Germany",8.000000000,""
"Influenza","Influenza virus detections sentinel","Positive specimens","N","2022-W01","DE","Germany",11.000000000,""
"Influenza","Influenza virus detections sentinel","Positive specimens","N","2022-W02","DE","Germany",5.000000000,""
"Influenza","Influenza virus detections sentinel","Positive specimens","N","2022-W03","DE","Germany",5.000000000,""
"Influenza","Influenza virus detections sentinel","Positive specimens","N","2022-W04","DE","Germany",9.000000000,""
"Influenza","Influenza virus detections sentinel","Positive specimens","N","2022-W05","DE","Germany",14.000000000,""
"Influenza","Influenza virus detections sentinel","Positive specimens","N","2022-W06","DE","Germany",3.000000000,""
"Influenza","Influenza virus detections sentinel","Positive specimens","N","2022-W07","DE","Germany",6.000000000,""
"Influenza","Influenza virus detections sentinel","Positive specimens","N","2022-W08","DE","Germany",8.000000000,""
"Influenza","Influenza virus detections sentinel","Positive specimens","N","2022-W09","DE","Germany",3.000000000,""
"Influenza","Influenza virus detections sentinel","Positive specimens","N","2022-W10","DE","Germany",7.000000000,""
"Influenza","Influenza virus detections sentinel","Positive specimens","N","2022-W11","DE","Germany",10.000000000,""
"Influenza","Influenza virus detections sentinel","Positive specimens","N","2022-W12","DE","Germany",10.000000000,""
"Influenza","Influenza virus detections sentinel","Positive specimens","N","2022-W13","DE","Germany",12.000000000,""
"Influenza","Influenza virus detections sentinel","Positive specimens","N","2022-W14","DE","Germany",16.000000000,""
"Influenza","Influenza virus detections sentinel","Positive specimens","N","2022-W15","DE","Germany",6.000000000,""
"Influenza","Influenza virus detections sentinel","Positive specimens","N","2022-W16","DE","Germany",13.000000000,""
"Influenza","Influenza virus detections sentinel","Positive specimens","N","2022-W17","DE","Germany",29.000000000,""
"Influenza","Influenza virus detections sentinel","Positive specimens","N","2022-W18","DE","Germany",34.000000000,""
"Influenza","Influenza virus detections sentinel","Positive specimens","N","2022-W19","DE","Germany",23.000000000,""
"Influenza","Influenza virus detections sentinel","Positive specimens","N","2022-W20","DE","Germany",25.000000000,""
"Influenza","Influenza virus detections sentinel","Positive specimens","N","2022-W21","DE","Germany",12.000000000,""
"Influenza","Influenza virus detections sentinel","Positive specimens","N","2022-W22","DE","Germany",7.000000000,""
"Influenza","Influenza virus detections sentinel","Positive specimens","N","2022-W23","DE","Germany",6.000000000,""
